crop_id,image,x0,y0,x1,y1,class,label
E001-C01,E001,70,740,565,1110,IDENTIFIED,U1 STM32F407ZGT6 MCU (marking)
E001-C02,E001,450,785,680,1145,OBSERVED,Module PCB antenna overhang / edge cut-out
E001-C03,E001,110,395,385,595,OBSERVED,J? 31-pos FPC connector (pins 1..31)
E001-C04,E001,80,160,275,405,INFERRED,DC-DC stage: SOT-23-6 + inductor + caps
E001-C05,E001,385,405,485,560,UNCERTAIN,"DFN/SON-8 IC, function unknown"
E001-C06,E001,455,580,560,730,OBSERVED,~6-pos FPC connector
E001-C07,E001,555,540,692,780,UNCERTAIN,2x SMD parts in gasket (LED? / light sensor?)
E001-C08,E001,40,150,115,560,OBSERVED,Silkscreen 'DANY_JPU_MB_P1_2022063?'
E001-C09,E001,305,150,365,265,OBSERVED,Silkscreen '2604'
E001-C10,E001,95,1095,525,1200,OBSERVED,Bottom-edge pads TP34/TP2x/TX?/RX?
E001-C11,E001,40,95,125,180,OBSERVED,Mounting hole H1 (plated)
E001-C12,E001,365,615,450,700,OBSERVED,"Mounting hole H2 (plated, centre)"
E001-C13,E001,18,1125,95,1205,OBSERVED,Mounting hole H3 (plated)
E001-C14,E001,40,475,175,645,UNCERTAIN,Left cluster near TP18 (red SMD part)
E001-C15,E001,515,465,645,550,OBSERVED,TP1 / TP4 / TP5
E001-C16,E001,230,300,365,410,OBSERVED,TP2 / TP25 / TP27 + SMD
E001-C17,E001,455,670,560,730,OBSERVED,4x 0402/0603 passives below FPC2
E003-C01,E003,25,695,215,875,OBSERVED,Touch flex 'DANY_TOUCH'
E003-C02,E003,275,795,415,1150,INFERRED,Cylindrical cell (Li-ion form factor)
E003-C03,E003,635,225,880,1115,INFERRED,PM-sensor form factor (model unknown)
E003-C04,E003,515,335,665,865,UNCERTAIN,Secondary PCB: 2xN header + crystal
E003-C05,E003,415,835,625,1045,OBSERVED,3-wire connector red/black/white
E003-C06,E003,405,535,560,790,UNCERTAIN,Black finned block (NDIR? heatsink? guide?)
E004-C01,E004,235,475,605,910,UNCERTAIN,Display/front panel (technology unknown)
E004-C02,E004,315,390,425,560,OBSERVED,Panel FPC tail + stiffener
E004-C03,E004,170,0,505,245,OBSERVED,Main PCB (corroborates E001)
