Reference,Description,Manufacturer,Part Number,Package,Quantity,Function,Interface,Status,Notes
U1,Wi-Fi and BLE Microcontroller Module with 4MB Flash and 8MB PSRAM,Espressif Systems,ESP32-WROVER-B,SMD Module (38-pin),1,Main Processing and Wireless Networking,SPI/UART/I2C/GPIO,Confirmed,Core system compute running ESP-IDF v5.3.2
U2,Synchronous Step-Down DC-DC Buck Converter 3.3V 1.5A,Texas Instruments,TPS62088YFPT,SOT-23-6 / SOT-563,1,Converts battery/VBUS rail to regulated 3.3V logic rail,Power (Switching),Candidate,Coupled with 2.2uH shielded inductor
U3,Single Cell Li-Ion Linear Battery Charger with Thermal Regulation,Microchip Technology,MCP73831T-2ACI/OT,SOT-23-5 / DFN-8,1,Manages 1S 18650 Li-ion CC/CV charging from USB 5V,Analog / Power,Candidate,Programmed to 500mA charging rate
BAT1,Cylindrical Lithium-Ion Rechargeable Battery Cell 3.7V 2500mAh,Industry Standard,18650-2500mAh,Cylinder 18.2mm x 65.0mm,1,Internal Energy Storage for Cordless Operation,2-Wire Lead with Thermistor,Standard,Mounted in base cradle with protection circuit
M1,Laser Optical Particulate Matter Sensor (PM1.0 / PM2.5 / PM10),Plantower,PMS5003,Module 50mm x 38mm x 21mm,1,Measures dust mass concentration via light scattering,UART2 (9600-8-N-1),Candidate,Dual-channel active sampling with internal fan
M2,Photoacoustic NDIR Carbon Dioxide Sensor,Sensirion,SCD41,SMD LGA 10.1mm x 10.1mm x 6.5mm,1,Measures ambient CO2 concentrations from 400 to 5000 ppm,I2C (Address 0x62),Candidate,Integrated temperature and humidity compensation
M3,Precision Relative Humidity and Temperature Sensor,Sensirion,SHT41-AD1B,DFN-4 1.5mm x 1.5mm x 0.55mm,1,Measures ambient temperature (+-0.2C) and humidity (+-1.8% RH),I2C (Address 0x44),Candidate,Located on thermal isolation board cutout
DISP1,Color IPS TFT LCD Panel 240x320 with Backlight,Sitronix (Driver),ST7789V-based 2.1 inch Panel,31-Pin Polyimide FPC,1,Graphical User Interface and Real-time Metric Display,4-Wire SPI (40MHz) + DC/RST/PWM,Candidate,High-contrast IPS panel with wide viewing angles
TOUCH1,Capacitive Touch Slider and Button Polyimide Flexible Strip,Hynitron / Custom,CST816S Controller Strip,6-Pin 0.5mm FPC,1,Top-edge Touch Navigation and Screen Switching,I2C / External Interrupt,Standard,Supports tap and horizontal swipe gestures
J1,31-Position 0.5mm Pitch Bottom-Contact ZIF FPC Receptacle,Hirose,FH12-31S-0.5SH(55),SMD Right-Angle,1,Mating Connector for Display Panel Ribbon,Parallel/SPI FPC,Standard,Secures 31-pin display FPC tail
J2,6-Position 0.5mm Pitch Bottom-Contact ZIF FPC Receptacle,Hirose,FH12-6S-0.5SH(55),SMD Right-Angle,1,Mating Connector for Top Touch Slider,I2C / Discrete Touch FPC,Standard,Connects top capacitive touch ribbon
J3,Wire-to-Board Wafer Receptacle 3-Pin 2.0mm Pitch,JST,B3B-PH-K-S,Through-Hole Vertical,1,Harness Connector for 18650 Battery (VBAT/NTC/GND),Power / Analog,Standard,Polarized keyed battery wire harness connector
J4,USB Type-C 16-Pin Receptacle Dual-Row SMT/TH,Industry Standard,TYPE-C-16P,Hybrid SMT/Through-Hole,1,DC 5V Input and USB Flashing/Console,USB 2.0 Power & Data,Standard,Base enclosure charging port with ESD suppression
L1,Shielded Power Inductor 2.2uH 2.5A Saturation,Coilcraft,XFL4020-222MEC,SMD 4.0mm x 4.0mm,1,Energy Storage Choke for 3.3V Buck Converter,Power (Magnetic),Standard,Top marking 2R2 with low DCR
C1..C12,Ceramic Capacitors (100nF to 22uF X5R/X7R),Murata / Yageo,Standard Multilayer Ceramic (MLCC),0402 / 0603 / 0805,12,Power supply rail bypassing and noise suppression,Power Decoupling,Standard,Local decoupling on all IC power pins
R1..R10,Thick Film Chip Resistors (1k to 100k 1%),Panasonic / Yageo,Standard Thick Film Resistors,0402 / 0603,10,I2C pull-ups feedback dividers strapping resistors,Pull-up / Feedback,Standard,Precision 1% metal film SMD resistors
Q1,N-Channel MOSFET 30V 2.5A Logic Level Gate,ON Semiconductor,BSS138 / 2N7002,SOT-23,1,PWM Dimming Driver for LCD Backlight Cathode,Low-Side Switch,Standard,High-speed logic level switching at 5 kHz
TP1..TP34,Circular Gold-Plated Test Pads 1.0mm Diameter,Custom PCB Layout,TEST_PAD_1MM,SMD Pad,34,Factory In-Circuit Testing and Firmware Provisioning,Test / Diagnostic,Standard,Access points for JTAG power and serial lines
